TTT,002,F
TTC,002,F
TTA,202,L
TTG,202,L
CTT,204,L
CTC,204,L
CTA,204,L
CTG,204,L
ATT,003,I
ATC,003,I
ATA,003,I
ATG,000,M
GTT,004,V
GTC,004,V
GTA,004,V
GTG,004,V
TCT,004,S
TCC,004,S
TCA,004,S
TCG,004,S
CCT,004,P
CCC,004,P
CCA,004,P
CCG,004,P
ACT,004,T
ACC,004,T
ACA,004,T
ACG,004,T
GCT,004,A
GCC,004,A
GCA,004,A
GCG,004,A
TAT,002,Y
TAC,002,Y
TAA,022,*
TAG,002,*
CAT,002,H
CAC,002,H
CAA,002,Q
CAG,002,Q
AAT,002,N
AAC,002,N
AAA,002,K
AAG,002,K
GAT,002,D
GAC,002,D
GAA,002,E
GAG,002,E
TGT,002,C
TGC,002,C
TGA,020,*
TGG,000,W
CGT,204,R
CGC,204,R
CGA,204,R
CGG,204,R
AGT,002,S
AGC,002,S
AGA,202,R
AGG,202,R
GGT,004,G
GGC,004,G
GGA,004,G
GGG,004,G
