TAA,*,022
TAG,*,002
TGA,*,020
GCA,A,004
GCC,A,004
GCG,A,004
GCT,A,004
TGC,C,002
TGT,C,002
GAC,D,002
GAT,D,002
GAA,E,002
GAG,E,002
TTC,F,002
TTT,F,002
GGA,G,004
GGC,G,004
GGG,G,004
GGT,G,004
CAC,H,002
CAT,H,002
ATA,I,003
ATC,I,003
ATT,I,003
AAA,K,002
AAG,K,002
CTA,L,204
CTC,L,004
CTG,L,204
CTT,L,004
TTA,L,202
TTG,L,202
ATG,M,000
AAC,N,002
AAT,N,002
CCA,P,004
CCC,P,004
CCG,P,004
CCT,P,004
CAA,Q,002
CAG,Q,002
AGA,R,202
AGG,R,202
CGA,R,204
CGC,R,004
CGG,R,204
CGT,R,004
AGC,S,002
AGT,S,002
TCA,S,004
TCC,S,004
TCG,S,004
TCT,S,004
ACA,T,004
ACC,T,004
ACG,T,004
ACT,T,004
GTA,V,004
GTC,V,004
GTG,V,004
GTT,V,004
TGG,W,000
TAC,Y,002
TAT,Y,002
